alias leily Leily Kaddissi <kaddgol@gmail.com>
alias thedailycrypto Rory Blanchard <rblanchardbell@gmail.com>
alias blanchard-rory Rory Blanchard <rblanchardbell@gmail.com>
alias donadio-vincent Vincent B. Donadio <vin@vinberdon.com>
alias monit@sowww.awesomehash.com monit@sowww.awesomehash.com
alias AwesomeHash <admins@awesomehash.com>
alias support-digital Digital Ocean Support <support@digitalocean.com>
alias kaddissi-leily Leily Kaddissi <kaddgol@gmail.com>
alias paradise-marc Marc Paradise <marc.paradise@gmail.com>
alias MLB.com <feedback@mail.mlblists.com>
alias drive)-tom Tom Payne II (Google Drive) <ctp2nd@gmail.com>
alias scotty@beammeup.tv scotty@beammeup.tv
alias RickR <rick@rudelinux.org>
alias stoeltzing-marielle Marielle Stoeltzing <mariellestoeltzing1886@gmail.com>
alias paradise-marc Marc A. Paradise <notifications@github.com>
alias grewe-sebastian Sebastian Grewe <notifications@github.com>
alias marc.paradise@gmail.com marc.paradise@gmail.com
alias techs-iac IAC techs <iac.techs@gmail.com>
alias tamblyn-cole Cole Tamblyn <cole.tamblyn@gmail.com>
alias brockman-greg Greg Brockman <gdb@stripe.com>
alias luke. <lukethegreat@gmail.com>
alias ctf3-stripe Stripe CTF3 <support@printfection.com>
alias rashev-alex Alex Rashev <firegremlin@gmail.com>
alias z-ruffy Ruffy Z <urbanyeti@gmail.com>
alias telfer-douglas Douglas Telfer <doug@mathfarmer.com>
alias werts-brett Brett Werts <brettwerts@gmail.com>
alias monit@stimpy.localdomain monit@stimpy.localdomain
alias ii-c. C. Thomas Payne II <ctp2nd@gmail.com>
alias daemon-cron Cron Daemon <root>
alias zalewski-michal Michal Zalewski <lcamtuf@coredump.cx>
alias januszkiewicz-źmicier Źmicier Januszkiewicz <gauri@tut.by>
alias lowe-katrina Katrina Lowe <klowe@trainace.com>
alias fermecoinscoins@gmx.fr fermecoinscoins@gmx.fr
alias kamble-sandeep Sandeep Kamble <sandeepk.l337@gmail.com>
alias monit@be2.awesomehash.com monit@be2.awesomehash.com
alias may-jeff Jeff May <jmay@capitalsalesgroup.com>
alias chung-harry Harry Chung <hchung@capitalsalesgroup.com>
alias horning-harry Harry Horning <harryhhorning2@gmail.com>
alias frew-troy Troy Frew <troy@troy.sh>
alias borissow-michael Michael Borissow <michael.borissow@gmail.com>
alias scott-ripley Ripley Scott <scripley@akamai.com>
alias archiver-inbox Inbox Archiver <root@localhost>
alias ganelin-ilya Ilya Ganelin <ilganeli@gmail.com>
alias rinaldi-tiago Tiago Rinaldi <trinaldi@gmail.com>
alias Eventbrite <orders@eventbrite.com>
alias lemons-24 24 Hours of Lemons <jay@24hoursoflemons.com>
alias Durell <durellw@gmail.com>
alias urbanyeti <urbanyeti@gmail.com>
alias Rick <rick@rudelinux.org>
alias fox-bret Bret Fox <bret20s.lemons@gmail.com>
alias dixon-jason Jason Dixon <notifications@github.com>
alias dorion-paul Paul Dorion <programed@telus.net>
alias Pamela <pwallman@dxfoundation.org>
alias lamm-jay Jay Lamm <jay@24hoursoflemons.com>
alias j-hattenburg Hattenburg Carl J <CHattenburg@drti.com>
alias Pam <Rein8950@Yahoo.com>
alias support@support.digitalocean.com support@support.digitalocean.com
alias rick-rein Rein Rick <rrein@akamai.com>
alias z-ruffy Ruffy Z <ruffy@zarookian.com>
alias head-patrick Patrick Head <patrickhead@gmail.com>
alias weekend-startup Startup Weekend <auto-message@eventbrite.com>
alias rein-lois Lois Rein <loisrein@gmail.com>
alias ii-tom Tom Payne II <ctp2nd@gmail.com>
alias linke-jack Jack Linke <jacklinke@gmail.com>
alias oliveros-oscar Oscar Oliveros <oliveros.oscar.l@gmail.com>
alias ghost@blog.gameplans.co ghost@blog.gameplans.co
alias research-survey Survey Research <invites@160284.mailer.surveygizmo.com>
alias weSpace <wespace@wespace.biz>
alias nachison-andrew Andrew Nachison <andrew@wemedia.com>
alias usa-t-mobile T-Mobile USA <billing@paperless.t-mobile.com>
alias adam-lund Lund Adam <adamlund@akamai.com>
alias Perry <notifications@github.com>
alias onilink422 <onilink42@gmail.com>
alias reston-refraction Refraction Reston <hello@refractionpoint.org>
alias awesomehash.com-ctp2nd ctp2nd - AwesomeHash.com <ctp2nd@awesomehash.com>
alias yasirzg579@gmail.com yasirzg579@gmail.com
alias pon-nick Nick Pon <nick@24hoursoflemons.com>
alias crowner-scot Scot Crowner <scrowner@gmail.com>
alias alerts-linode Linode Alerts <noreply@linode.com>
alias buchanan-donavon Donavon Buchanan <me@dcb.im>
alias ii-harry Harry Horning II <harryh@harryhhorning.com>
alias GamePlans@gameplans.co GamePlans@gameplans.co
alias weekend-startup Startup Weekend <info@startupweekend.org>
alias taty.cordoba <taty.cordoba@gmail.com>
alias RickR RickR
alias huynh-marie Marie Huynh <notifications@github.com>
alias taylor-zane Zane Taylor <notifications@github.com>
alias mirea-ghiban-liviu Liviu Cristian Mirea-Ghiban <notifications@github.com>
alias smith-richard Richard Smith <galorin@gmail.com>
alias abrams-rob Rob Abrams <robabrams1444@gmail.com>
alias Sina <notifications@github.com>
alias strutt-steve Steve Strutt <notifications@github.com>
alias batson-lance Lance Batson <notifications@github.com>
alias Jono <notifications@github.com>
alias wait-chris Chris Wait <notifications@github.com>
alias mazey-darrik Darrik Mazey <notifications@github.com>
alias 4415284443-craigslist craigslist 4415284443 <7shdc-4415284443@sale.craigslist.org>
alias hamilton-laura Laura Hamilton <notifications@github.com>
alias vong-billy Billy Vong <notifications@github.com>
alias l-natan Natan L <notifications@github.com>
alias drinkard-dan Dan Drinkard <notifications@github.com>
alias crozier-steve Steve Crozier <notifications@github.com>
alias stott-rachael Rachael Stott <rachael.stott@refractionpoint.org>
alias gvinter-philip Philip Gvinter <pgvinter@gmail.com>
alias gaiazov-leonid Leonid Gaiazov <gaiazov@gmail.com>
alias snead-lars Lars snead <shuiend@gmail.com>
alias pittinaro-mike Mike Pittinaro <tunachuckers@gmail.com>
alias lemons-jay Jay at LeMons <jay@24hoursoflemons.com>
alias jr-rogerio Rogerio Lazzari Jr <geiolaz@gmail.com>
alias mparadise@noetisys.com mparadise@noetisys.com
alias piñero-gregory Gregory Piñero <gregpinero@gmail.com>
alias innotifier-linked Linked InNotifier <lwlesso@62-50-2-149.amst2.eu.psigh.com>
alias dunn-doug Doug dunn <dougs951@gmail.com>
alias marvin <marvin@bubbl.in>
alias analytics-piwik Piwik Web Analytics <noreply@piwik.org>
alias wallman-john John Wallman <johnmwallman@gmail.com>
alias rinaldi-tiago Tiago Rinaldi <trinaldiback@gmail.com>
alias speedycop@comcast.net speedycop@comcast.net
alias linsky-hamsa hamsa linsky <hamsa.linsky@gmail.com>
alias Dan <dan@dansdata.com>
alias r-rick Rick R <rick@rudelinux.org>
alias Coveralls <notifications@github.com>
alias reston-refraction Refraction Reston <team@nvite.com>
alias federal-navy Navy Federal <COSection7@navyfederal.org>
alias blueheartredheart@gmail.com blueheartredheart@gmail.com
alias serova-nadya Nadya Serova <volchitsa@gmail.com>
alias Speedycop <Speedycop@comcast.net>
alias nvite <team@nvite.com>
alias Tolyan <tolik195@gmail.com>
alias brannan-paul Paul Brannan <curlypaul924@gmail.com>
alias cuisine-beltway Beltway Latin Cuisine <management@beltwaylatincuisine.com>
alias rein-pelletier-kristalyn Kristalyn Rein-Pelletier <blueheartredheart@gmail.com>
alias team-gmail Gmail Team <send-as-noreply@google.com>
alias bicycle-performance Performance Bicycle <performancebicycle@emails.performancebike.com>
alias Twitter <twitter-notify-rick=rudelinux.org@postmaster.twitter.com>
alias farides-tim Tim Farides <tim.farides@gmail.com>
alias kirchberg-doug Doug Kirchberg <dskirchberg@gmail.com>
alias mcdaniels-robert Robert McDaniels <rmcdanie@adobe.com>
alias team-zeusminer ZeusMiner Customer Service Team <cs@zeusminer.com>
alias ganelin-ellie Ellie Falaris Ganelin <efalaris@gmail.com>
alias leavitt-daniel Daniel Leavitt <danielpleavitt@yahoo.com>
alias lashmanov-valeriy Valeriy Lashmanov <vflashm@gmail.com>
alias kucera-penny Penny C. Kucera <pchapman@rileywells.com>
alias bugzilla@redhat.com bugzilla@redhat.com
alias racing-tsog tSoG via Sputnik Racing <sputnik-racing@googlegroups.com>
alias lemons-nick Nick Pon 24 Hours of LeMons <nick@24hoursoflemons.com>
alias koelle-christopher Christopher Koelle <ultrachiller@icloud.com>
alias registration-account Account Registration <account_registration@chumpcar.com>
alias registration-account Account Registration <account-registration@chumpcar.com>
alias paypal-ultra Ultra Chiller via PayPal <member@paypal.com>
alias lemons-24 24 Hours of Lemons <nick@24hoursoflemons.com>
alias goodrum-matthew Matthew Goodrum <gfoxboy@gmail.com>
alias tlast7@yahoo.com <tlast7@yahoo.com>
alias series-chumpcar ChumpCar World Series <michaelc@chumpcar.com>
alias shibuya-mitsuhiro Mitsuhiro Shibuya <notifications@github.com>
alias GitHub <support@github.com>
alias co.-official Official Oakley Co. <newsletter@plaza.com>
alias hartman-aj AJ Hartman <ajhartmanracing@hotmail.com>
alias rachev-alex Alex Rachev <info@mailva.evite.com>
alias reston-refraction Refraction Reston <rachael.stott@refractionpoint.org>
alias malik-larry Larry Malik <l.malik@leaseweb.com>
alias Larry Malik
alias reston-refraction Refraction Reston <nick.linsmayer@gocanvas.com>
alias Sybregunne <notifications@github.com>
alias DigitalOcean <no-reply@digitalocean.com>
alias (google+)-ellie Ellie Ganelin (Google+) <noreply-3baf3169@plus.google.com>
alias lash-jason Jason Lash <jason.lash@gmail.com>
alias goodrum-matt Matt Goodrum <gfoxboy@gmail.com>
alias fool-grinning Grinning Fool <grinningfool@awesomehash.com>
alias hq-nick Nick Pon-LeMons HQ <nick@24hoursoflemons.com>
alias demicco-matthew Matthew R. Demicco <matt@demicco.net>
alias alert-domain Domain Alert <janyce.frasco@galaxy-tour.com>
alias mule-sticker Sticker Mule <help@stickermule.com>
alias notification-domain Domain Notification <sharika.murakawa@livingmatterss.com>
